{
    "75": {
        "altitude": 4.033764839172363,
        "data": [
            37.7913,
            -122.399051
        ]
    },
    "49": {
        "altitude": 2.818375825881958,
        "data": [
            37.790302000000004,
            -122.39063700000001
        ]
    },
    "41": {
        "altitude": 3.082563877105713,
        "data": [
            37.795001,
            -122.39997
        ]
    },
    "55": {
        "altitude": 3.633261919021606,
        "data": [
            37.789756,
            -122.39464299999999
        ]
    },
    "76": {
        "altitude": 12.18361377716064,
        "data": [
            37.786305,
            -122.40496599999999
        ]
    },
    "74": {
        "altitude": 2.469981670379639,
        "data": [
            37.794139,
            -122.394434
        ]
    },
    "60": {
        "altitude": 2.659791946411133,
        "data": [
            37.80477,
            -122.40323400000001
        ]
    },
    "69": {
        "altitude": 2.835005760192871,
        "data": [
            37.7766,
            -122.39546999999999
        ]
    },
    "45": {
        "altitude": 4.575803756713867,
        "data": [
            37.794230999999996,
            -122.402923
        ]
    },
    "58": {
        "altitude": 18.01444435119629,
        "data": [
            37.77865,
            -122.41823500000001
        ]
    },
    "82": {
        "altitude": 6.239827156066895,
        "data": [
            37.798541,
            -122.40086200000002
        ]
    },
    "54": {
        "altitude": 2.324085712432861,
        "data": [
            37.787152,
            -122.38801299999999
        ]
    },
    "68": {
        "altitude": 8.914505004882812,
        "data": [
            37.784878000000006,
            -122.40101399999999
        ]
    },
    "72": {
        "altitude": 12.63985061645508,
        "data": [
            37.781039,
            -122.411748
        ]
    },
    "77": {
        "altitude": 7.888969421386719,
        "data": [
            37.789625,
            -122.400811
        ]
    },
    "57": {
        "altitude": 6.598467350006104,
        "data": [
            37.781752000000004,
            -122.40512700000001
        ]
    },
    "51": {
        "altitude": 2.797033786773682,
        "data": [
            37.791464000000005,
            -122.391034
        ]
    },
    "66": {
        "altitude": 15.62860584259033,
        "data": [
            37.774814,
            -122.418954
        ]
    },
    "64": {
        "altitude": 13.1513671875,
        "data": [
            37.782259,
            -122.392738
        ]
    },
    "46": {
        "altitude": 10.85012531280518,
        "data": [
            37.795425,
            -122.40476699999999
        ]
    },
    "59": {
        "altitude": 22.46125984191895,
        "data": [
            37.781332,
            -122.418603
        ]
    },
    "42": {
        "altitude": 2.519689321517944,
        "data": [
            37.79728,
            -122.398436
        ]
    },
    "71": {
        "altitude": 25.73721122741699,
        "data": [
            37.788446,
            -122.408499
        ]
    },
    "61": {
        "altitude": 5.421002388000488,
        "data": [
            37.780526,
            -122.39028799999998
        ]
    },
    "70": {
        "altitude": 2.990568161010742,
        "data": [
            37.776617,
            -122.39526000000001
        ]
    },
    "56": {
        "altitude": 3.057083606719971,
        "data": [
            37.792251,
            -122.39708600000002
        ]
    },
    "48": {
        "altitude": 2.529955625534058,
        "data": [
            37.799953,
            -122.398525
        ]
    },
    "73": {
        "altitude": 26.58332252502441,
        "data": [
            37.798522,
            -122.40724499999999
        ]
    },
    "62": {
        "altitude": 16.06266021728516,
        "data": [
            37.785299,
            -122.39623600000002
        ]
    },
    "67": {
        "altitude": 16.15273475646973,
        "data": [
            37.776619000000004,
            -122.41738500000001
        ]
    },
    "63": {
        "altitude": 7.070822715759277,
        "data": [
            37.786978000000005,
            -122.39810800000001
        ]
    },
    "50": {
        "altitude": 2.596961736679077,
        "data": [
            37.795392,
            -122.394203
        ]
    },
    "65": {
        "altitude": 3.039870023727417,
        "data": [
            37.771058000000004,
            -122.402717
        ]
    },
    "39": {
        "altitude": 10.3389196395874,
        "data": [
            37.783871000000005,
            -122.408433
        ]
    },
    "47": {
        "altitude": 14.23355484008789,
        "data": [
            37.788975,
            -122.403452
        ]
    }
}