{
    "54": {
        "data": [
            37.787152,
            -122.38801299999999
        ],
        "altitude": 2.324085712432861
    },
    "32": {
        "data": [
            37.385956,
            -122.083678
        ],
        "altitude": 31.66659164428711
    },
    "65": {
        "data": [
            37.771058000000004,
            -122.402717
        ],
        "altitude": 3.039870023727417
    },
    "36": {
        "data": [
            37.429082,
            -122.14280500000001
        ],
        "altitude": 9.861836433410645
    },
    "10": {
        "data": [
            37.337391,
            -121.886995
        ],
        "altitude": 24.73625183105469
    },
    "55": {
        "data": [
            37.789756,
            -122.39464299999999
        ],
        "altitude": 3.633261919021606
    },
    "80": {
        "data": [
            37.352601,
            -121.90573300000001
        ],
        "altitude": 18.93996620178223
    },
    "26": {
        "data": [
            37.487682,
            -122.223492
        ],
        "altitude": 2.341812133789062
    },
    "47": {
        "data": [
            37.788975,
            -122.403452
        ],
        "altitude": 14.23355484008789
    },
    "33": {
        "data": [
            37.400240999999994,
            -122.099076
        ],
        "altitude": 19.39876556396484
    },
    "64": {
        "data": [
            37.782259,
            -122.392738
        ],
        "altitude": 13.1513671875
    },
    "51": {
        "data": [
            37.791464000000005,
            -122.391034
        ],
        "altitude": 2.797033786773682
    },
    "82": {
        "data": [
            37.798541,
            -122.40086200000002
        ],
        "altitude": 6.239827156066895
    },
    "57": {
        "data": [
            37.781752000000004,
            -122.40512700000001
        ],
        "altitude": 6.598467350006104
    },
    "84": {
        "data": [
            37.342725,
            -121.89561699999999
        ],
        "altitude": 24.34668350219727
    },
    "9": {
        "data": [
            37.348742,
            -121.89471499999999
        ],
        "altitude": 20.44458770751953
    },
    "16": {
        "data": [
            37.333954999999996,
            -121.877349
        ],
        "altitude": 27.37880325317383
    },
    "70": {
        "data": [
            37.776617,
            -122.39526000000001
        ],
        "altitude": 2.990568161010742
    },
    "71": {
        "data": [
            37.788446,
            -122.408499
        ],
        "altitude": 25.73721122741699
    },
    "61": {
        "data": [
            37.780526,
            -122.39028799999998
        ],
        "altitude": 5.421002388000488
    },
    "28": {
        "data": [
            37.394358000000004,
            -122.07671299999998
        ],
        "altitude": 22.66847038269043
    },
    "8": {
        "data": [
            37.330165,
            -121.88583100000001
        ],
        "altitude": 28.77541160583496
    },
    "46": {
        "data": [
            37.795425,
            -122.40476699999999
        ],
        "altitude": 10.85012531280518
    },
    "83": {
        "data": [
            37.491269,
            -122.23623400000001
        ],
        "altitude": 3.690953731536865
    },
    "69": {
        "data": [
            37.7766,
            -122.39546999999999
        ],
        "altitude": 2.835005760192871
    },
    "24": {
        "data": [
            37.484219,
            -122.227424
        ],
        "altitude": 4.212618827819824
    },
    "74": {
        "data": [
            37.794139,
            -122.394434
        ],
        "altitude": 2.469981670379639
    },
    "25": {
        "data": [
            37.48537,
            -122.20328799999999
        ],
        "altitude": 2.523255825042725
    },
    "31": {
        "data": [
            37.400443,
            -122.10833799999999
        ],
        "altitude": 20.91472816467285
    },
    "35": {
        "data": [
            37.444521,
            -122.16309299999999
        ],
        "altitude": 18.47425270080566
    },
    "67": {
        "data": [
            37.776619000000004,
            -122.41738500000001
        ],
        "altitude": 16.15273475646973
    },
    "39": {
        "data": [
            37.783871000000005,
            -122.408433
        ],
        "altitude": 10.3389196395874
    },
    "30": {
        "data": [
            37.390277000000005,
            -122.066553
        ],
        "altitude": 27.9813117980957
    },
    "38": {
        "data": [
            37.425683899999996,
            -122.13777749999998
        ],
        "altitude": 9.222804069519043
    },
    "37": {
        "data": [
            37.448598,
            -122.159504
        ],
        "altitude": 15.76949214935303
    },
    "58": {
        "data": [
            37.77865,
            -122.41823500000001
        ],
        "altitude": 18.01444435119629
    },
    "49": {
        "data": [
            37.790302000000004,
            -122.39063700000001
        ],
        "altitude": 2.818375825881958
    },
    "45": {
        "data": [
            37.794230999999996,
            -122.402923
        ],
        "altitude": 4.575803756713867
    },
    "14": {
        "data": [
            37.332692,
            -121.900084
        ],
        "altitude": 26.30035018920898
    },
    "13": {
        "data": [
            37.339301,
            -121.88993700000002
        ],
        "altitude": 24.19574356079102
    },
    "4": {
        "data": [
            37.333988,
            -121.894902
        ],
        "altitude": 25.51774024963379
    },
    "48": {
        "data": [
            37.799953,
            -122.398525
        ],
        "altitude": 2.529955625534058
    },
    "21": {
        "data": [
            37.481758,
            -122.226904
        ],
        "altitude": 5.202400207519531
    },
    "23": {
        "data": [
            37.487615999999996,
            -122.229951
        ],
        "altitude": 3.348942518234253
    },
    "27": {
        "data": [
            37.389218,
            -122.081896
        ],
        "altitude": 27.99422454833984
    },
    "7": {
        "data": [
            37.333798,
            -121.88694299999999
        ],
        "altitude": 26.50954818725586
    },
    "63": {
        "data": [
            37.786978000000005,
            -122.39810800000001
        ],
        "altitude": 7.070822715759277
    },
    "12": {
        "data": [
            37.332808,
            -121.88389099999999
        ],
        "altitude": 26.74495315551758
    },
    "62": {
        "data": [
            37.785299,
            -122.39623600000002
        ],
        "altitude": 16.06266021728516
    },
    "5": {
        "data": [
            37.331415,
            -121.8932
        ],
        "altitude": 26.1926326751709
    },
    "11": {
        "data": [
            37.335885,
            -121.88566000000002
        ],
        "altitude": 25.03725051879883
    },
    "73": {
        "data": [
            37.798522,
            -122.40724499999999
        ],
        "altitude": 26.58332252502441
    },
    "22": {
        "data": [
            37.486078000000006,
            -122.23208899999999
        ],
        "altitude": 4.754226684570312
    },
    "50": {
        "data": [
            37.795392,
            -122.394203
        ],
        "altitude": 2.596961736679077
    },
    "59": {
        "data": [
            37.781332,
            -122.418603
        ],
        "altitude": 22.46125984191895
    },
    "41": {
        "data": [
            37.795001,
            -122.39997
        ],
        "altitude": 3.082563877105713
    },
    "76": {
        "data": [
            37.786305,
            -122.40496599999999
        ],
        "altitude": 12.18361377716064
    },